{
    "navigationBarTitleText": "修改宝贝信息",
    "usingComponents": {
        "page-loading": "/components/pageLoading/pageLoading",
        "single-img": "/components/singleImg/singleImg",
        "m-button": "/components/mButton/mButton",
        "m-popup": "/components/mPopup/mPopup",
        "m-picker": "/components/mPicker/mPicker",
        "uni-number-box": "/uni_modules/uni-number-box/components/uni-number-box/uni-number-box",
        "m-modal": "/components/mModal/mModal"
    }
}