{
    "navigationStyle": "custom",
    "navigationBarTextStyle": "white",
    "backgroundColor": "#765DF4",
    "backgroundColorTop": "#765DF4",
    "backgroundColorBottom": "#765DF4",
    "usingComponents": {
        "page-loading": "/components/pageLoading/pageLoading",
        "tabs": "/components/tabs/tabs",
        "guide-mask": "/components/guideMask/guideMask",
        "scored": "/components/scored/scored",
        "check-child": "/components/checkChild/checkChild",
        "sheet": "/components/sheet/sheet",
        "m-modal": "/components/mModal/mModal",
        "slot-modal": "/components/slotModal/slotModal",
        "tabbar": "/components/tabbar/tabbar"
    }
}