{
    "navigationStyle": "custom",
    "backgroundColor": "#D3FAFF",
    "backgroundColorTop": "#D3FAFF",
    "backgroundColorBottom": "#D3FAFF",
    "usingComponents": {
        "page-loading": "/components/pageLoading/pageLoading",
        "check-child": "/components/checkChild/checkChild",
        "slot-modal": "/components/slotModal/slotModal",
        "m-popup": "/components/mPopup/mPopup",
        "m-radio": "/components/mRadio/mRadio",
        "m-modal": "/components/mModal/mModal",
        "uni-number-box": "/uni_modules/uni-number-box/components/uni-number-box/uni-number-box",
        "tabbar": "/components/tabbar/tabbar"
    }
}