{
    "navigationStyle": "custom",
    "navigationBarTextStyle": "white",
    "backgroundColor": "#1F1A4A",
    "backgroundColorTop": "#1F1A4A",
    "backgroundColorBottom": "#1F1A4A",
    "usingComponents": {
        "page-loading": "/components/pageLoading/pageLoading",
        "m-popup": "/components/mPopup/mPopup",
        "uni-number-box": "/uni_modules/uni-number-box/components/uni-number-box/uni-number-box",
        "m-button": "/components/mButton/mButton",
        "m-modal": "/components/mModal/mModal",
        "slot-modal": "/components/slotModal/slotModal",
        "tabbar": "/components/tabbar/tabbar"
    }
}